고양이 중성화 필수인가요,https://kin.naver.com/qna/detail.naver?d1id=8&dirId=80511&docId=492896810&qb=6rOg7JaR7J20&enc=utf8
고양이 갑상선암의 원인은?,https://kin.naver.com/qna/detail.naver?d1id=8&dirId=80511&docId=493285080&qb=6rOg7JaR7J20&enc=utf8
고양이 결막염 안약 증상?,https://kin.naver.com/qna/detail.naver?d1id=7&dirId=70112&docId=492871366&qb=6rOg7JaR7J20&enc=utf8
고양이가 연고먹음,https://kin.naver.com/qna/detail.naver?d1id=8&dirId=80511&docId=493107549&qb=6rOg7JaR7J20&enc=utf8
집먼지 알레르기가 있는데 고양이 키워도... ,https://kin.naver.com/qna/detail.naver?d1id=7&dirId=70102&docId=493135213&qb=6rOg7JaR7J20&enc=utf8
동물병원 오진으로 인한 고양이 피해... ,https://kin.naver.com/qna/detail.naver?d1id=6&dirId=60215&docId=493292850&qb=6rOg7JaR7J20&enc=utf8
고양이눈에서 사슴상눈 될 수 있나요?,https://kin.naver.com/qna/detail.naver?d1id=7&dirId=70110&docId=492636612&qb=6rOg7JaR7J20&enc=utf8
"고양이 영화, 처음 접하는 사람에게... ",https://kin.naver.com/qna/detail.naver?d1id=3&dirId=30303&docId=492399601&qb=6rOg7JaR7J20&enc=utf8
박쥐 고양이 꿈,https://kin.naver.com/qna/detail.naver?d1id=7&dirId=70108&docId=493201343&qb=6rOg7JaR7J20&enc=utf8
미국에 고양이 습식캔 반입가능한가요?,https://kin.naver.com/qna/detail.naver?d1id=9&dirId=902&docId=492971195&qb=6rOg7JaR7J20&enc=utf8
헤어진연인 고양이?,https://kin.naver.com/qna/detail.naver?d1id=6&dirId=60211&docId=491110671&qb=6rOg7JaR7J20&enc=utf8
부산에 고양이 물건 파는곳,https://kin.naver.com/qna/detail.naver?d1id=12&dirId=1202&docId=493237245&qb=6rOg7JaR7J20&enc=utf8
고양이 하악질,https://kin.naver.com/qna/detail.naver?d1id=8&dirId=80511&docId=493266847&qb=6rOg7JaR7J20&enc=utf8
고양이눈 왜이러는 거죠??,https://kin.naver.com/qna/detail.naver?d1id=8&dirId=80502&docId=493206188&qb=6rOg7JaR7J20&enc=utf8
2개월된 고양이 눈꼽,https://kin.naver.com/qna/detail.naver?d1id=8&dirId=80502&docId=493246532&qb=6rOg7JaR7J20&enc=utf8
고양이 알레르기 어떻게 해야 할까요?,https://kin.naver.com/qna/detail.naver?d1id=7&dirId=70306&docId=487215747&qb=6rOg7JaR7J20&enc=utf8
고양이주름도 쥬브젠 가능한가요?,https://kin.naver.com/qna/detail.naver?d1id=7&dirId=70111&docId=490969548&qb=6rOg7JaR7J20&enc=utf8
고양이 양치질 횟수,https://kin.naver.com/qna/detail.naver?d1id=7&dirId=70205&docId=492151404&qb=6rOg7JaR7J20&enc=utf8
"강아지,고양이 동반 펜션 문의",https://kin.naver.com/qna/detail.naver?d1id=9&dirId=9020603&docId=492464528&qb=6rOg7JaR7J20&enc=utf8
고양이알러지있는것같은데,https://kin.naver.com/qna/detail.naver?d1id=7&dirId=70401&docId=491922038&qb=6rOg7JaR7J20&enc=utf8
고양이가 기침을 하는데 왜그럴까요,https://kin.naver.com/qna/detail.naver?d1id=8&dirId=80511&docId=492779267&qb=6rOg7JaR7J20&enc=utf8
고양이 질문,https://kin.naver.com/qna/detail.naver?d1id=8&dirId=80511&docId=492662507&qb=6rOg7JaR7J20&enc=utf8
고양이 중성화 후 예민함,https://kin.naver.com/qna/detail.naver?d1id=8&dirId=80511&docId=492470778&qb=6rOg7JaR7J20&enc=utf8
고양이 두마리 왜 그럴까요,https://kin.naver.com/qna/detail.naver?d1id=8&dirId=80511&docId=492430975&qb=6rOg7JaR7J20&enc=utf8
고양이 분양 후 질병과 계약 불일치 문제... ,https://kin.naver.com/qna/detail.naver?d1id=6&dirId=60215&docId=493274473&qb=6rOg7JaR7J20&enc=utf8
고양이 눈에 눈곱이 끼는데 결막염 인가요?,https://kin.naver.com/qna/detail.naver?d1id=7&dirId=70112&docId=492923756&qb=6rOg7JaR7J20&enc=utf8
고양이 기침,https://kin.naver.com/qna/detail.naver?d1id=8&dirId=80511&docId=492899938&qb=6rOg7JaR7J20&enc=utf8
수컷 고양이 중성화 후에,https://kin.naver.com/qna/detail.naver?d1id=8&dirId=80511&docId=491742731&qb=6rOg7JaR7J20&enc=utf8
수컷 고양이 중성화,https://kin.naver.com/qna/detail.naver?d1id=8&dirId=80511&docId=490527486&qb=6rOg7JaR7J20&enc=utf8
말발도리 고양이 괜찮은가요,https://kin.naver.com/qna/detail.naver?d1id=8&dirId=80502&docId=493263673&qb=6rOg7JaR7J20&enc=utf8
고양이 수컷 중성화 시기,https://kin.naver.com/qna/detail.naver?d1id=8&dirId=80511&docId=493148510&qb=6rOg7JaR7J20&enc=utf8
고양이가 가끔식 이런식으로 기침을해요.,https://kin.naver.com/qna/detail.naver?d1id=8&dirId=80511&docId=492920882&qb=6rOg7JaR7J20&enc=utf8
고양이 병원 오늘 가야할까요,https://kin.naver.com/qna/detail.naver?d1id=8&dirId=80511&docId=491625809&qb=6rOg7JaR7J20&enc=utf8
고양이 초콜릿,https://kin.naver.com/qna/detail.naver?d1id=8&dirId=80511&docId=492760431&qb=6rOg7JaR7J20&enc=utf8
고양이 기침? 재채기?,https://kin.naver.com/qna/detail.naver?d1id=8&dirId=80511&docId=493272833&qb=6rOg7JaR7J20&enc=utf8
고양이 중성화,https://kin.naver.com/qna/detail.naver?d1id=8&dirId=80511&docId=492831544&qb=6rOg7JaR7J20&enc=utf8
고양이가 넥카라 거부감이 심해요,https://kin.naver.com/qna/detail.naver?d1id=8&dirId=80511&docId=493199506&qb=6rOg7JaR7J20&enc=utf8
고양이 기침 원인,https://kin.naver.com/qna/detail.naver?d1id=8&dirId=80511&docId=493034909&qb=6rOg7JaR7J20&enc=utf8
우리 고양이 눈이 좀 이상해요,https://kin.naver.com/qna/detail.naver?d1id=8&dirId=80511&docId=493017763&qb=6rOg7JaR7J20&enc=utf8
고양이폐물찻어요,https://kin.naver.com/qna/detail.naver?d1id=8&dirId=80511&docId=493224450&qb=6rOg7JaR7J20&enc=utf8
고양이 눈 위 눈썹 부분 빨개짐,https://kin.naver.com/qna/detail.naver?d1id=8&dirId=80511&docId=492454197&qb=6rOg7JaR7J20&enc=utf8
암컷 고양이 중성화,https://kin.naver.com/qna/detail.naver?d1id=8&dirId=80511&docId=491775588&qb=6rOg7JaR7J20&enc=utf8
고양이 눈 질환,https://kin.naver.com/qna/detail.naver?d1id=8&dirId=80511&docId=493255561&qb=6rOg7JaR7J20&enc=utf8
고양이 방광염,https://kin.naver.com/qna/detail.naver?d1id=8&dirId=80511&docId=492951713&qb=6rOg7JaR7J20&enc=utf8
마포구 고양이 장례식장,https://kin.naver.com/qna/detail.naver?d1id=8&dirId=80511&docId=492602864&qb=6rOg7JaR7J20&enc=utf8
고양이 꼬리에 쓸린자국 뭔지 아시나요?,https://kin.naver.com/qna/detail.naver?d1id=8&dirId=80511&docId=493296678&qb=6rOg7JaR7J20&enc=utf8
고양이 토에 고무줄,https://kin.naver.com/qna/detail.naver?d1id=8&dirId=80511&docId=492598448&qb=6rOg7JaR7J20&enc=utf8
고양이 입가에 생긴 상처,https://kin.naver.com/qna/detail.naver?d1id=8&dirId=80511&docId=492383656&qb=6rOg7JaR7J20&enc=utf8
고양이 기침(소리있음) 뭔가요?,https://kin.naver.com/qna/detail.naver?d1id=8&dirId=80511&docId=491475408&qb=6rOg7JaR7J20&enc=utf8
고양이 링웜,https://kin.naver.com/qna/detail.naver?d1id=8&dirId=80511&docId=492153885&qb=6rOg7JaR7J20&enc=utf8
고양이 폐렴 통원치료 가능한가요?,https://kin.naver.com/qna/detail.naver?d1id=8&dirId=80511&docId=491961121&qb=6rOg7JaR7J20&enc=utf8
고양이 헛구역질 기침,https://kin.naver.com/qna/detail.naver?d1id=8&dirId=80511&docId=493069044&qb=6rOg7JaR7J20&enc=utf8
사람먹는 기생충약 고양이 먹여도 되나요?,https://kin.naver.com/qna/detail.naver?d1id=8&dirId=80511&docId=491560863&qb=6rOg7JaR7J20&enc=utf8
고양이 비닐 삼킴,https://kin.naver.com/qna/detail.naver?d1id=8&dirId=80511&docId=492913362&qb=6rOg7JaR7J20&enc=utf8
고양이 토,https://kin.naver.com/qna/detail.naver?d1id=8&dirId=80511&docId=493270977&qb=6rOg7JaR7J20&enc=utf8
고양이 턱아래 혹 땜에 걱정이네요,https://kin.naver.com/qna/detail.naver?d1id=8&dirId=80511&docId=492818842&qb=6rOg7JaR7J20&enc=utf8
고양이 토한 색깔,https://kin.naver.com/qna/detail.naver?d1id=8&dirId=80511&docId=492584688&qb=6rOg7JaR7J20&enc=utf8
고양이 혈뇨,https://kin.naver.com/qna/detail.naver?d1id=8&dirId=80511&docId=493207460&qb=6rOg7JaR7J20&enc=utf8
고양이 기침 소리가 이상해요,https://kin.naver.com/qna/detail.naver?d1id=8&dirId=80511&docId=491493072&qb=6rOg7JaR7J20&enc=utf8
고양이 토,https://kin.naver.com/qna/detail.naver?d1id=8&dirId=80511&docId=492034288&qb=6rOg7JaR7J20&enc=utf8
고양이 기침??,https://kin.naver.com/qna/detail.naver?d1id=8&dirId=80511&docId=493040966&qb=6rOg7JaR7J20&enc=utf8
암컷 고양이 중성화 비용,https://kin.naver.com/qna/detail.naver?d1id=8&dirId=80511&docId=491900077&qb=6rOg7JaR7J20&enc=utf8
고양이 링웜인가요 알레르기 인가요?,https://kin.naver.com/qna/detail.naver?d1id=8&dirId=80511&docId=492868499&qb=6rOg7JaR7J20&enc=utf8
고양이 범백 증상인가요?,https://kin.naver.com/qna/detail.naver?d1id=8&dirId=80511&docId=492636598&qb=6rOg7JaR7J20&enc=utf8
고양이 토,https://kin.naver.com/qna/detail.naver?d1id=8&dirId=80511&docId=492275545&qb=6rOg7JaR7J20&enc=utf8
수컷 고양이 중성화 후 넥카라,https://kin.naver.com/qna/detail.naver?d1id=8&dirId=80511&docId=492763433&qb=6rOg7JaR7J20&enc=utf8
고양이가 이상해요 계속 할짝거려요... ,https://kin.naver.com/qna/detail.naver?d1id=8&dirId=80511&docId=493270064&qb=6rOg7JaR7J20&enc=utf8
저희집 고양이 어떤가요??,https://kin.naver.com/qna/detail.naver?d1id=8&dirId=80511&docId=491344103&qb=6rOg7JaR7J20&enc=utf8
고양이 이상행동,https://kin.naver.com/qna/detail.naver?d1id=8&dirId=80511&docId=492345963&qb=6rOg7JaR7J20&enc=utf8
고양이가 또 토해요,https://kin.naver.com/qna/detail.naver?d1id=8&dirId=80511&docId=491621122&qb=6rOg7JaR7J20&enc=utf8
고양이 항문낭인건가오? 급해요.... ,https://kin.naver.com/qna/detail.naver?d1id=8&dirId=80511&docId=492980341&qb=6rOg7JaR7J20&enc=utf8
암컷 고양이 혈뇨,https://kin.naver.com/qna/detail.naver?d1id=8&dirId=80511&docId=493239718&qb=6rOg7JaR7J20&enc=utf8
고양이 변비약 소량 섭취,https://kin.naver.com/qna/detail.naver?d1id=8&dirId=80511&docId=492439650&qb=6rOg7JaR7J20&enc=utf8
고양이가 혀 내밀고 기침,https://kin.naver.com/qna/detail.naver?d1id=8&dirId=80511&docId=492662940&qb=6rOg7JaR7J20&enc=utf8
고양이 수혈,https://kin.naver.com/qna/detail.naver?d1id=8&dirId=80511&docId=492415449&qb=6rOg7JaR7J20&enc=utf8
10살 고양이가 아파요,https://kin.naver.com/qna/detail.naver?d1id=8&dirId=80511&docId=493044600&qb=6rOg7JaR7J20&enc=utf8
고양이 배에 상처? 아토피?,https://kin.naver.com/qna/detail.naver?d1id=8&dirId=80511&docId=490332371&qb=6rOg7JaR7J20&enc=utf8
키우는 고양이 몸에 붙어있는 데요,https://kin.naver.com/qna/detail.naver?d1id=8&dirId=80511&docId=492810061&qb=6rOg7JaR7J20&enc=utf8
고양이 땜빵? 피부병? 이거 뭔가요,https://kin.naver.com/qna/detail.naver?d1id=8&dirId=80511&docId=493262254&qb=6rOg7JaR7J20&enc=utf8
고양이 기침? 헛구역질? 구토? 왜이러는... ,https://kin.naver.com/qna/detail.naver?d1id=8&dirId=80511&docId=492257517&qb=6rOg7JaR7J20&enc=utf8
고양이 꼬리 골절,https://kin.naver.com/qna/detail.naver?d1id=8&dirId=80511&docId=492841026&qb=6rOg7JaR7J20&enc=utf8
고양이 예방접종,https://kin.naver.com/qna/detail.naver?d1id=8&dirId=80511&docId=490822018&qb=6rOg7JaR7J20&enc=utf8
고양이 피부병,https://kin.naver.com/qna/detail.naver?d1id=8&dirId=80511&docId=493044537&qb=6rOg7JaR7J20&enc=utf8
고양이 요로결석,https://kin.naver.com/qna/detail.naver?d1id=8&dirId=80511&docId=491926028&qb=6rOg7JaR7J20&enc=utf8
고양이 감기,https://kin.naver.com/qna/detail.naver?d1id=8&dirId=80511&docId=490710946&qb=6rOg7JaR7J20&enc=utf8
고양이가 갑자기 토를 했어요,https://kin.naver.com/qna/detail.naver?d1id=8&dirId=80511&docId=491635749&qb=6rOg7JaR7J20&enc=utf8
고양이가 토를 연속으로 2번해요ㅠㅠ,https://kin.naver.com/qna/detail.naver?d1id=8&dirId=80511&docId=491487865&qb=6rOg7JaR7J20&enc=utf8
수컷 고양이가 자꾸 이불에 오줌을 싸요..,https://kin.naver.com/qna/detail.naver?d1id=8&dirId=80511&docId=491205977&qb=6rOg7JaR7J20&enc=utf8
고양이 설사,https://kin.naver.com/qna/detail.naver?d1id=8&dirId=80511&docId=492601045&qb=6rOg7JaR7J20&enc=utf8
아기고양이 재채기,https://kin.naver.com/qna/detail.naver?d1id=8&dirId=80511&docId=491630838&qb=6rOg7JaR7J20&enc=utf8
